,Departure_FLT,Departure_ARR,Departure_SCH,Departure_ETD,Departure_ATD,Departure_STT
0,AAR383,SIN,00:05,23:40,00:00,이륙
1,AAR909,LCK,00:05,00:05,00:17,이륙
2,AAR951,HAN,00:05,23:55,00:13,이륙
3,APG889,MNL,00:05,23:40,00:04,이륙
4,ASV531,KLO,00:05,23:55,00:10,이륙
5,BAV483,DAD,00:05,23:55,00:31,이륙
6,BOX587A,LEJ,00:05,23:55,00:15,이륙
7,KAL315,PVG,00:05,23:55,00:08,이륙
8,KZR960,ALA,00:05,00:05,00:43,이륙
9,UAE323,DXB,00:05,23:50,00:06,이륙
10,XAX509,KUL,00:05,23:50,00:02,이륙
11,MAS039,KUL,00:10,00:10,00:24,이륙
12,TWB613,SHE,00:10,00:10,00:33,이륙
13,ETD873,AUH,00:15,00:15,00:26,이륙
14,SHU5751,KHV,00:15,00:15,00:40,이륙
15,ETH673,ADD,00:20,00:20,00:46,이륙
16,TAX703,DMK,00:20,01:05,01:06,이륙
17,CEB187,MNL,00:25,00:25,00:44,이륙
18,KAL323,XIY,00:25,00:25,00:35,이륙
19,THY91,IST,00:25,00:25,00:28,이륙
20,QTR859,DOH,00:35,00:35,00:51,이륙
21,KLM856,AMS,00:55,00:55,01:04,이륙
22,KAL249,JFK,01:45,01:45,01:57,이륙
23,VJC975,PQC,01:45,01:45,01:47,이륙
24,VJC839,CXR,01:50,01:50,01:55,이륙
25,CKK258,PVG,04:20,03:50,03:54,이륙
26,PAC997,PVG,05:00,05:30,06:27,지연
27,PIC1195,DAD,05:15,05:15,05:27,이륙
28,BAV493,CXR,05:20,06:30,07:14,지연
29,PAC9065,HKG,05:30,07:45,08:23,지연
30,JJA1162,NRT,05:55,05:55,06:21,이륙
31,AAV701,KLO,06:10,06:10,06:30,이륙
32,HVN441,CXR,06:15,06:15,06:23,이륙
33,JJA2201,BKK,06:15,06:15,06:44,이륙
34,VJC881,DAD,06:15,06:15,06:37,이륙
35,VJC837,CXR,06:20,06:50,08:01,지연
36,AAV601,CEB,06:25,06:25,06:40,이륙
37,JJA3100,GUM,06:25,06:25,06:48,이륙
38,VJC963,HAN,06:25,06:25,06:46,이륙
39,AAR8533,PUS,06:30,,06:55,이륙
40,TWB9239,NGO,06:30,06:30,06:52,이륙
41,TWB161,CXR,06:45,06:45,07:42,이륙
42,TWB9281,KIX,06:45,06:45,07:11,이륙
43,VJC865,SGN,06:45,06:45,07:29,이륙
44,AAV771,CRK,06:50,06:50,07:04,이륙
45,CRK647,HKG,06:50,06:50,07:09,이륙
46,JNA221,FUK,06:50,06:50,07:18,이륙
47,APG037,KLO,06:55,06:55,06:58,이륙
48,ESR595,DAD,07:00,07:00,07:35,이륙
49,EVA149,TPE,07:00,07:00,07:16,이륙
50,JJA3172,GUM,07:00,07:00,07:31,이륙
51,KAL855,PEK,07:00,07:00,07:27,이륙
52,VJC879,DAD,07:00,07:00,07:20,이륙
53,JNA125,MFM,07:05,07:05,07:38,이륙
54,JJA4407,TAG,07:10,07:10,07:45,이륙
55,VJC925,HPH,07:15,07:15,07:58,이륙
56,ESR581,PQC,07:20,07:20,07:48,이륙
57,TWB113,CNX,07:25,07:25,07:52,이륙
58,AAR6233,SPN,07:30,07:30,08:05,이륙
59,AAR731,SGN,07:30,07:30,08:13,이륙
60,APJ012,KIX,07:30,07:30,08:07,이륙
61,JNA201,NRT,07:30,07:30,07:54,이륙
62,PAL485,CEB,07:30,07:30,07:50,이륙
63,AAR701,MNL,07:35,07:35,09:52,지연
64,JJA1408,FUK,07:35,07:35,08:03,이륙
65,JNA029,CEB,07:35,07:35,08:04,이륙
66,TWB669,RMQ,07:35,07:35,07:56,이륙
67,JNA077,DAD,07:40,07:40,08:07,이륙
68,KAL621,MNL,07:45,07:45,08:11,이륙
69,TWB125,DAD,07:45,07:45,08:30,이륙
70,TWB211,NRT,07:45,08:45,09:08,지연
71,JNA063,BKI,07:50,08:45,09:04,지연
72,CEB181,KLO,07:55,07:55,08:15,이륙
73,KAL635,CRK,07:55,07:55,08:25,이륙
74,TWB281,KIX,07:55,07:55,08:15,이륙
75,JNA211,KIX,08:00,08:00,08:18,이륙
76,JNA653,GUM,08:00,08:00,08:24,이륙
77,KAL787,FUK,08:00,08:00,08:27,이륙
78,PAL491,CRK,08:00,08:00,08:17,이륙
79,AAR112,KIX,08:05,08:05,08:29,이륙
80,KAL479,HAN,08:05,08:05,08:33,이륙
81,AAR122,NGO,08:10,08:10,08:40,이륙
82,ASV525,CXR,08:10,08:10,08:36,이륙
83,ESR825,HUN,08:10,08:10,08:27,이륙
84,JJA1102,NRT,08:10,08:10,08:22,이륙
85,JNA097,JHB,08:10,08:10,08:41,이륙
86,PAL467,MNL,08:10,08:10,08:20,이륙
87,JJA1474,HIJ,08:15,08:15,08:33,이륙
88,KAL827,SZX,08:15,08:15,08:39,이륙
89,AAR331,PEK,08:20,08:20,09:01,이륙
90,AAR727,HAN,08:20,08:20,08:46,이륙
91,JJA8401,TAO,08:20,08:20,08:37,이륙
92,KAL603,HKG,08:20,08:20,08:44,이륙
93,KAL1401,PUS,08:25,,08:38,이륙
94,KAL893,PVG,08:25,08:25,08:51,이륙
95,AAR369,CAN,08:30,08:30,08:57,이륙
96,ASV741,TAK,08:30,08:30,08:43,이륙
97,CES2044,TAO,08:30,08:30,08:48,이륙
98,JNA231,CTS,08:35,08:35,08:55,이륙
99,AAR132,FUK,08:40,08:40,08:53,이륙
100,ESR601,NRT,08:40,08:40,09:03,이륙
101,JNA039,KLO,08:40,08:40,08:59,이륙
102,AAR793,FRA,08:45,08:45,09:22,이륙
103,CDG4620,TAO,08:45,08:45,08:53,이륙
104,KAL831,SHE,08:50,08:50,09:07,이륙
105,AAR327,TSN,08:55,08:55,09:19,이륙
106,CES5052,PVG,08:55,08:55,09:17,이륙
107,KAL819,CSX,08:55,08:55,09:14,이륙
108,KAL865,CAN,08:55,08:55,09:12,이륙
109,AAR102,NRT,09:00,09:00,09:24,이륙
110,AAR309,WEH,09:00,09:00,09:41,이륙
111,AAR317,TAO,09:00,09:00,09:25,이륙
112,AAR351,YNJ,09:00,09:00,09:37,이륙
113,AAR721,HKG,09:00,09:00,09:27,이륙
114,KAL691,TPE,09:00,09:00,09:43,이륙
115,KAL723,KIX,09:00,09:00,09:21,이륙
116,SIA607,SIN,09:00,09:00,09:35,이륙
117,AAR303,CGQ,09:05,09:05,09:50,이륙
118,AAR361,PVG,09:05,09:05,09:46,이륙
119,ESR611,KIX,09:05,09:05,09:18,이륙
120,KAL813,HFE,09:05,09:05,09:31,이륙
121,KAL845,TAO,09:05,09:05,09:29,이륙
122,KAL891,YNJ,09:05,09:05,09:33,이륙
123,AAR174,CTS,09:10,09:10,09:36,이륙
124,ASV103,GUM,09:10,09:10,09:33,이륙
125,ESR931,HKG,09:10,09:10,09:39,이륙
126,JJA1302,KIX,09:10,09:10,09:27,이륙
127,KAL681,SGN,09:10,09:10,09:48,이륙
128,KAL809,CGO,09:10,09:10,09:45,이륙
129,JNA021,CEB,09:15,09:15,10:04,이륙
130,KAL113,GUM,09:15,09:15,09:38,이륙
131,KAL657,BKK,09:15,09:15,10:01,이륙
132,AAR337,YNZ,09:20,09:20,09:54,이륙
133,CPA421,HKG,09:20,09:20,09:56,이륙
134,KAL807,XIY,09:20,09:20,09:59,이륙
135,ASV513,DAD,09:30,09:30,10:54,지연
136,TWB145,KLO,09:30,09:30,10:24,이륙
137,AAR551,IST,09:35,09:35,10:20,이륙
138,ESR641,FUK,09:35,09:35,09:54,이륙
139,JNA641,GUM,09:35,09:35,10:00,이륙
140,KAL981,VVO,09:35,09:35,10:02,이륙
141,THA659,BKK,09:35,09:35,10:08,이륙
142,AAR172,OKA,09:40,09:40,10:17,이륙
143,AAR301,DLC,09:40,09:40,10:06,이륙
144,ESR661,KMI,09:40,09:40,09:58,이륙
145,JNA081,TPE,09:40,09:40,10:12,이륙
146,AAR711,TPE,09:45,09:45,10:28,이륙
147,KAL035,ATL,09:45,09:45,10:02,이륙
148,XAX507,KUL,09:50,09:50,10:22,이륙
149,AAR371,SZX,09:55,11:10,11:10,지연
150,AFR267,CDG,09:55,09:55,10:47,이륙
151,JJA2101,HKG,09:55,09:55,10:14,이륙
152,KAL703,NRT,09:55,09:55,10:07,이륙
153,AAR729,HAN,10:00,10:05,10:53,이륙
154,JJA8305,NTG,10:00,11:10,11:17,지연
155,KAL081,JFK,10:00,10:00,10:19,이륙
156,JJA3102,GUM,10:05,10:05,10:25,이륙
157,KAL483,HAN,10:05,10:05,10:39,이륙
158,KAL763,KIJ,10:05,10:05,10:22,이륙
159,KAL765,CTS,10:05,10:05,10:16,이륙
160,KAL823,MDG,10:05,10:05,10:33,이륙
161,KAL887,XMN,10:05,10:05,10:31,이륙
162,AAR347,XIY,10:10,10:10,10:42,이륙
163,CPA417,HKG,10:10,10:10,10:48,이륙
164,JJA3402,SPN,10:10,10:10,10:32,이륙
165,JJA8701,YNT,10:10,10:10,10:38,이륙
166,HVN409,SGN,10:15,10:15,11:12,이륙
167,KAL093,IAD,10:15,10:15,10:51,이륙
168,KAL805,TSN,10:15,10:15,10:50,이륙
169,JNA085,DAD,10:20,10:20,10:43,이륙
170,KAL031,DFW,10:20,10:20,10:44,이륙
171,TWB611,WNZ,10:20,10:20,10:45,이륙
172,APJ002,KIX,10:25,10:25,10:49,이륙
173,JJA919F,GUM,10:25,10:25,10:46,이륙
174,ASV701,NRT,10:30,10:30,11:01,이륙
175,JJA8501,WEH,10:30,10:30,11:14,이륙
176,GIA879,CGK,10:35,10:35,10:57,이륙
177,HVN417,HAN,10:35,10:35,11:00,이륙
178,JJA1106,NRT,10:35,10:35,10:54,이륙
179,JJA1402,FUK,10:35,10:35,10:59,이륙
180,KAL741,NGO,10:35,10:35,10:57,이륙
181,AAR757,DAD,10:40,10:40,11:06,이륙
182,JJA2601,TPE,10:40,10:40,11:15,이륙
183,KAL037,ORD,10:40,10:40,11:03,이륙
184,KAL613,HKG,10:40,10:40,11:03,이륙
185,BAW18,LHR,10:45,10:45,11:08,이륙
186,HVN431,DAD,10:45,10:45,11:21,이륙
187,AAR222,JFK,10:50,10:50,11:15,이륙
188,AAR363,PVG,10:50,11:10,11:36,이륙
189,DAL158,DTW,10:50,10:50,11:06,이륙
190,LOT98,WAW,10:50,10:50,11:19,이륙
191,THA657,BKK,10:50,10:50,11:28,이륙
192,VJC863,SGN,10:50,10:50,11:39,이륙
193,CSN340,HAK,10:55,10:55,11:23,이륙
194,AAR541,FRA,11:00,11:00,11:33,이륙
195,JJA2001,MFM,11:00,11:00,11:25,이륙
196,KAL727,KIX,11:05,11:05,11:21,이륙
197,KAL745,FUK,11:05,11:05,11:18,이륙
198,MAS067,KUL,11:05,11:05,11:31,이륙
199,VJC961,HAN,11:05,11:05,11:55,이륙
200,JJA1602,NGO,11:10,11:10,11:51,이륙
201,KAL485,DAD,11:10,11:10,11:50,이륙
202,KAL897,PVG,11:10,11:10,11:43,이륙
203,TWB309,SPN,11:10,11:10,11:23,이륙
204,FIN42,HEL,11:15,11:15,11:26,이륙
205,KAL913,MAD,11:15,11:15,11:41,이륙
206,CSN686,DLC,11:20,11:20,11:37,이륙
207,SWM214,REP,11:20,11:20,11:57,이륙
208,TAX701,DMK,11:20,11:20,12:16,이륙
209,THA689,BKK,11:20,11:20,12:03,이륙
210,ABL715,CEB,11:25,11:25,12:21,이륙
211,ABL781,KHH,11:25,11:25,11:53,이륙
212,AIC313,DEL,11:25,11:25,11:48,이륙
213,ESR631,OKA,11:30,11:30,12:11,이륙
214,GIA871,DPS,11:35,11:35,11:45,이륙
215,LAO922,VTE,11:35,11:35,12:01,이륙
216,JJA2901,DAD,11:40,11:40,12:09,이륙
217,UIA169,TPE,11:40,11:40,12:06,이륙
218,CAL165,KHH,11:45,11:45,12:13,이륙
219,CDG4096,TNA,11:45,11:45,11:58,이륙
220,CES2040,TAO,11:55,11:55,12:10,이륙
221,ESR521,MFM,11:55,11:55,12:32,이륙
222,ESR563,CXR,11:55,11:55,12:23,이륙
223,SOO949,HKG,11:55,11:55,12:18,이륙
224,AAR717,KHH,12:00,12:00,12:27,이륙
225,CES550,YNT,12:00,12:00,12:14,이륙
226,JNA223,FUK,12:00,12:00,12:25,이륙
227,KAL915,BCN,12:00,13:00,13:29,지연
228,KZR910,ALA,12:05,12:05,12:25,이륙
229,EVA187,RMQ,12:10,12:10,12:35,이륙
230,GCR7994,TSN,12:10,12:10,12:18,이륙
231,CES580,NKG,12:15,12:15,12:21,이륙
232,CSN314,PVG,12:15,12:15,12:30,이륙
233,AAR339,HRB,12:20,12:20,12:39,이륙
234,CDG4618,TAO,12:20,12:20,12:32,이륙
235,RBA652,BWN,12:20,12:20,12:40,이륙
236,AAR561,FCO,12:25,12:25,12:50,이륙
237,CAL161,TPE,12:25,12:25,12:45,이륙
238,AAR349,NKG,12:30,12:30,12:53,이륙
239,AAR359,HGH,12:30,12:30,12:48,이륙
240,DLH719,MUC,12:30,12:30,13:04,이륙
241,JJA5102,VVO,12:30,12:30,13:01,이륙
242,HKE619,HKG,12:35,12:35,12:42,이륙
243,SIA611,SIN,12:35,12:35,12:58,이륙
244,AAR134,FUK,12:40,12:40,13:00,이륙
245,CSN638,CGQ,12:40,12:40,12:56,이륙
246,AAR511,BCN,12:45,13:10,13:40,이륙
247,CCA172,TSN,12:45,12:45,13:07,이륙
248,CSN682,SHE,12:45,12:45,12:58,이륙
249,KAL481,DEL,12:45,12:45,13:09,이륙
250,KAL951,DXB,12:45,12:45,13:15,이륙
251,AAR333,PEK,12:50,12:50,13:21,이륙
252,CCA140,HGH,12:50,12:50,13:14,이륙
253,CSA191,PRG,12:50,12:50,13:09,이륙
254,CSN6088,MDG,12:50,12:50,13:13,이륙
255,KAL869,DLC,12:50,12:50,13:18,이륙
256,APG885,MNL,12:55,12:55,12:54,이륙
257,CES5042,PVG,12:55,12:55,13:21,이륙
258,KAL795,CTS,12:55,12:55,13:06,이륙
259,KAL867,ULN,13:00,13:00,13:24,이륙
260,KAL907,LHR,13:00,13:00,13:38,이륙
261,CCA124,PEK,13:05,13:05,13:32,이륙
262,JJA1704,MYJ,13:05,13:05,13:38,이륙
263,KAL861,TAO,13:05,13:05,13:26,이륙
264,AFL251,SVO,13:10,13:10,13:35,이륙
265,KAL789,FUK,13:10,13:10,13:27,이륙
266,CES2034,TAO,13:15,13:15,13:43,이륙
267,KAL937,VIE,13:15,13:15,14:01,이륙
268,CSN688,CGQ,13:20,13:20,13:46,이륙
269,KAL905,FRA,13:20,13:20,13:52,이륙
270,CXA872,XMN,13:30,13:30,13:40,이륙
271,JJA8703,YNT,13:30,13:30,13:48,이륙
272,UPS64,ANC,13:30,13:30,14:11,이륙
273,CCA136,PEK,13:35,13:35,14:05,이륙
274,KAL839,WEH,13:35,13:35,13:56,이륙
275,SHU5437,VVO,13:35,13:35,13:50,이륙
276,SHU5451,KHV,13:35,13:35,13:54,이륙
277,FDX5393,MEM,13:40,13:40,13:59,이륙
278,TWB671,KHH,13:40,13:40,14:03,이륙
279,CCA402,CTU,13:45,13:45,14:10,이륙
280,KAL601,HKG,13:45,13:45,14:23,이륙
281,CPA433,HKG,13:50,13:50,14:34,이륙
282,AAR713,TPE,14:00,14:00,14:18,이륙
283,ASV713,KIX,14:00,14:00,14:30,이륙
284,CDG4088,TAO,14:00,14:00,14:07,이륙
285,CES2018,WEH,14:00,14:00,14:15,이륙
286,KAL901,CDG,14:00,14:00,14:54,이륙
287,AMU821,MFM,14:05,14:05,14:21,이륙
288,KAL925,AMS,14:05,14:05,14:25,이륙
289,AAR114,KIX,14:10,14:10,14:43,이륙
290,AAR365,PVG,14:10,14:10,14:36,이륙
291,KAL1403,PUS,14:10,,14:27,이륙
292,AAR319,TAO,14:15,14:15,14:32,이륙
293,AAR307,YNT,14:20,14:20,14:45,이륙
294,CES5022,XIY,14:20,14:20,14:29,이륙
295,JJA4501,KHH,14:20,14:20,14:51,이륙
296,TWB147,CRK,14:25,14:25,14:57,이륙
297,AAR521,LHR,14:30,14:30,15:02,이륙
298,KAL017,LAX,14:30,14:30,15:03,이륙
299,KAL833,SHE,14:30,14:30,15:08,이륙
300,CSN6074,YNJ,14:35,14:35,14:49,이륙
301,ESR817,YNT,14:35,14:35,14:59,이륙
302,KAL643,SIN,14:35,14:35,15:06,이륙
303,KAL957,TLV,14:35,14:35,15:14,이륙
304,AAR202,LAX,14:40,14:40,15:12,이륙
305,FDX5230,IND,14:40,14:40,14:47,이륙
306,TWB285,KIX,14:40,14:40,15:24,이륙
307,CSN338,CAN,14:50,14:50,15:10,이륙
308,JJA1104,NRT,14:50,14:50,15:18,이륙
309,CSZ9034,SZX,14:55,14:55,15:22,이륙
310,KAL491,CNX,14:55,14:55,15:16,이륙
311,AAR335,PEK,15:00,15:00,15:26,이륙
312,CPA411,HKG,15:00,15:00,15:20,이륙
313,JNA213,KIX,15:00,17:50,18:14,지연
314,KAL627,CGK,15:05,15:05,15:28,이륙
315,AAR152,SDJ,15:10,15:10,15:32,이륙
316,CCA132,PEK,15:10,15:10,15:37,이륙
317,KAL725,KIX,15:10,15:10,15:35,이륙
318,KAL931,FCO,15:10,15:10,15:29,이륙
319,DLH713,FRA,15:15,15:15,15:45,이륙
320,ESR613,KIX,15:20,16:20,16:20,지연
321,JNA203,NRT,15:20,15:20,15:56,이륙
322,CCA144,YNJ,15:25,15:25,15:50,이륙
323,CDG4082,TAO,15:25,15:25,15:33,이륙
324,JJA8503,WEH,15:25,15:25,15:57,이륙
325,JJA8903,YNJ,15:25,15:25,15:54,이륙
326,KAL117,GUM,15:30,15:30,16:14,이륙
327,TWB213,NRT,15:30,15:30,16:09,이륙
328,AAR106,NRT,15:35,15:35,15:51,이륙
329,AAR124,NGO,15:35,15:35,16:13,이륙
330,CSN3066,CSX,15:35,15:35,15:48,이륙
331,AAR761,CGK,15:40,16:00,16:30,이륙
332,ESR603,NRT,15:40,15:40,16:16,이륙
333,APJ006,KIX,15:45,15:45,16:27,이륙
334,CDG4988,TNA,15:50,15:50,16:11,이륙
335,ESR643,FUK,15:50,15:50,16:23,이륙
336,CCA440,CKG,15:55,15:55,16:25,이륙
337,CRK6629,HKG,15:55,15:55,16:18,이륙
338,XAX505,KUL,15:55,15:55,16:33,이륙
339,KAL023,SFO,16:00,16:00,16:34,이륙
340,CES268,YNT,16:05,17:15,17:15,지연
341,HKE631,HKG,16:05,16:05,16:37,이륙
342,JNA095,JHB,16:05,16:05,16:41,이륙
343,SBI6272,VVO,16:05,16:05,16:28,이륙
344,CSN3062,CAN,16:15,16:15,16:39,이륙
345,JJA1406,FUK,16:15,16:15,16:43,이륙
346,KAL693,TPE,16:15,16:15,16:45,이륙
347,AAR751,SIN,16:20,16:20,16:51,이륙
348,CES5034,PVG,16:20,19:40,19:40,지연
349,KAL633,DPS,16:20,16:20,16:47,이륙
350,APJ906,OKA,16:25,16:25,16:59,이륙
351,TAX709,DMK,16:25,16:25,16:49,이륙
352,SIA609,SIN,16:35,16:35,16:57,이륙
353,CES560,TAO,16:40,16:40,16:55,이륙
354,KAL671,KUL,16:40,16:40,17:10,이륙
355,KAL129,AKL,16:45,16:45,17:08,이륙
356,CSZ9032,SZX,16:50,16:50,17:01,이륙
357,APG039,KLO,16:55,16:55,16:54,이륙
358,JJA1306,KIX,16:55,17:10,17:31,이륙
359,CCA802,TSN,17:05,17:05,17:13,이륙
360,ESR511,BKK,17:05,17:05,17:19,이륙
361,JNA003,BKK,17:10,17:10,17:37,이륙
362,KAL1405,PUS,17:15,,17:39,이륙
363,JNA225,FUK,17:20,17:20,17:33,이륙
364,KAL001,HNL,17:20,17:20,17:35,이륙
365,KAL651,BKK,17:20,17:35,17:53,이륙
366,ASV703,NRT,17:25,17:25,17:58,이륙
367,CSN696,DLC,17:30,17:30,17:29,이륙
368,THA635,BKK,17:30,17:30,17:57,이륙
369,ESR503,BKI,17:35,18:10,18:31,이륙
370,TWB131,VTE,17:35,17:35,17:45,이륙
371,CQH8560,PVG,17:40,17:40,17:51,이륙
372,KAL629,DPS,17:40,17:40,18:10,이륙
373,JNA071,HKT,17:45,17:45,18:06,이륙
374,ACA064,YVR,17:55,17:55,18:04,이륙
375,HVN405,SGN,17:55,17:55,18:12,이륙
376,AAR6037,MEL,18:00,18:00,18:17,이륙
377,JJA1608,NGO,18:00,18:00,18:35,이륙
378,JJA4205,CNX,18:00,18:00,18:33,이륙
379,JNA061,BKI,18:00,18:50,19:30,지연
380,UAL892,SFO,18:00,18:00,18:27,이륙
381,AAR741,BKK,18:05,18:05,18:19,이륙
382,HVN415,HAN,18:05,18:05,18:23,이륙
383,JJA2305,MNL,18:05,18:05,18:25,이륙
384,KAL667,CNX,18:05,18:05,18:30,이륙
385,KAL683,SGN,18:05,18:05,18:37,이륙
386,CCA126,PEK,18:10,18:10,18:22,이륙
387,AAR136,FUK,18:15,18:15,18:48,이륙
388,KAL471,RGN,18:15,18:15,18:39,이륙
389,ESR591,DAD,18:20,18:30,18:51,이륙
390,CSH828,PVG,18:25,18:25,18:46,이륙
391,DAL198,SEA,18:30,18:30,19:19,이륙
392,KAL689,PNH,18:30,18:30,18:57,이륙
393,TWB293,FUK,18:30,18:30,18:43,이륙
394,KAL463,DAD,18:35,18:35,19:10,이륙
395,KAL623,MNL,18:35,18:35,19:05,이륙
396,KAL645,SIN,18:35,18:35,19:18,이륙
397,KAL071,YVR,18:40,18:40,19:00,이륙
398,KAL637,HKT,18:40,18:40,19:15,이륙
399,KAL679,HAN,18:40,18:40,19:07,이륙
400,KAL781,FUK,18:40,18:40,19:03,이륙
401,AAR755,DAD,18:45,18:55,19:21,이륙
402,AAR773,CXR,18:45,18:45,19:02,이륙
403,KAL121,SYD,18:45,18:45,19:17,이륙
404,KAL705,NRT,18:45,18:45,19:07,이륙
405,AAL280,DFW,18:50,18:50,18:58,이륙
406,AAR108,NRT,18:50,18:50,19:05,이륙
407,KAL631,CEB,18:50,18:50,19:11,이륙
408,AAR771,PQC,18:55,18:55,19:51,이륙
409,ACA062,YYZ,18:55,19:10,20:01,지연
410,CSN370,PVG,18:55,18:55,19:13,이륙
411,ESR501,BKI,19:00,19:00,19:24,이륙
412,KAL743,NGO,19:00,19:00,19:21,이륙
413,KAL853,PEK,19:00,19:00,19:26,이륙
414,KAL653,BKK,19:05,19:05,19:44,이륙
415,KAL685,SGN,19:05,19:05,19:39,이륙
416,KAL687,REP,19:05,19:05,19:27,이륙
417,KAL895,PVG,19:05,19:05,19:54,이륙
418,AAR116,KIX,19:10,19:10,19:37,이륙
419,JJA4303,VTE,19:10,19:10,19:34,이륙
420,KAL475,DLI,19:10,19:10,19:33,이륙
421,AAR703,MNL,19:20,19:20,19:56,이륙
422,AAR735,SGN,19:25,19:25,20:23,이륙
423,AAR745,HKG,19:25,19:25,19:47,이륙
424,DAL170,MSP,19:25,19:25,19:42,이륙
425,KAL1413,TAE,19:25,,19:49,이륙
426,AAR733,HAN,19:30,19:30,20:02,이륙
427,AAR747,HKT,19:30,19:30,20:04,이륙
428,JJA2203,BKK,19:30,19:30,19:58,이륙
429,KAL085,JFK,19:30,19:30,20:08,이륙
430,AAR739,PNH,19:35,19:35,20:10,이륙
431,ASV545,REP,19:35,19:35,20:38,지연
432,JNA051,VTE,19:35,19:35,20:07,이륙
433,KAL111,GUM,19:35,19:35,20:24,이륙
434,KAL1407,PUS,19:35,20:06,20:06,지연
435,JNA057,HAN,19:40,19:40,20:16,이륙
436,KAL011,LAX,19:40,19:40,20:18,이륙
437,EVA159,TPE,19:45,19:45,20:31,이륙
438,KAL123,BNE,19:45,19:45,20:16,이륙
439,TWB307,SPN,19:45,19:45,20:10,이륙
440,AAR8531,PUS,19:50,20:30,20:29,지연
441,CPA419,HKG,19:50,19:50,20:26,이륙
442,JJA2507,BKI,19:50,19:50,20:13,이륙
443,AAR367,PVG,20:00,20:10,20:36,이륙
444,AAR601,SYD,20:00,20:00,20:20,이륙
445,ASV541,BKI,20:00,20:00,20:33,이륙
446,CSN684,HRB,20:00,20:00,20:14,이륙
447,KAL607,HKG,20:00,20:00,20:20,이륙
448,DAL26,ATL,20:05,20:05,20:31,이륙
449,JNA025,CEB,20:05,20:05,20:28,이륙
450,TWB101,BKK,20:05,20:05,20:44,이륙
451,AAR323,CTU,20:10,20:10,20:34,이륙
452,KAL659,BKK,20:10,20:10,20:49,이륙
453,ASV501,HKG,20:15,20:15,20:53,이륙
454,JJA8403,TAO,20:15,20:15,20:38,이륙
455,AAR232,HNL,20:20,20:20,20:42,이륙
456,AAR625,SPN,20:20,20:20,20:36,이륙
457,AAR743,BKK,20:20,20:20,21:09,이륙
458,JJA2405,CEB,20:20,20:20,20:39,이륙
459,KAL025,SFO,20:20,20:20,20:40,이륙
460,TWB117,HKG,20:20,20:20,20:58,이륙
461,AAR224,JFK,20:25,20:40,21:11,이륙
462,PAL469,MNL,20:25,20:25,20:42,이륙
463,AAR325,KWL,20:30,20:30,20:46,이륙
464,ESR571,PPS,20:35,20:35,21:06,이륙
465,JJA4103,PQC,20:35,20:35,21:15,이륙
466,KAL053,HNL,20:35,20:35,21:03,이륙
467,KAL467,CXR,20:35,20:35,21:21,이륙
468,TWB121,SGN,20:35,20:35,21:26,이륙
469,AAR204,LAX,20:40,21:00,21:34,이륙
470,AAR212,SFO,20:40,20:40,21:07,이륙
471,CSN672,SHE,20:40,20:40,20:46,이륙
472,EVA171,KHH,20:40,20:40,20:56,이륙
473,KAL719,HND,20:40,20:40,21:00,이륙
474,AAR567,ULN,20:45,21:00,21:30,이륙
475,ESR593,DAD,20:45,20:45,21:02,이륙
476,KAL677,ROR,20:45,20:45,21:14,이륙
477,AAR355,CAN,20:50,20:50,21:17,이륙
478,ESR561,CXR,20:50,22:55,22:08,지연
479,KAL721,KIX,20:50,20:50,21:22,이륙
480,ESR513,BKK,20:55,20:55,21:44,이륙
481,APJ010,KIX,21:00,21:00,22:11,지연
482,KAL005,LAS,21:00,21:00,21:27,이륙
483,AAR321,CSX,21:05,21:05,21:24,이륙
484,AMU825,MFM,21:05,21:05,21:31,이륙
485,AAR709,CEB,21:10,21:10,21:42,이륙
486,CDG4778,TAO,21:10,21:10,21:18,이륙
487,JJA2803,HAN,21:10,21:10,21:46,이륙
488,JNA059,DAD,21:10,21:10,21:38,이륙
489,CSC8904,CTU,21:15,21:15,21:40,이륙
490,ESR515,BKK,21:20,21:20,22:14,이륙
491,JJA2903,DAD,21:20,21:20,22:02,이륙
492,JJA4703,SGN,21:20,21:20,21:49,이륙
493,JJA2107,HKG,21:25,21:25,21:59,이륙
494,THA655,BKK,21:25,21:25,21:57,이륙
495,AAR178,HND,21:30,21:30,21:48,이륙
496,AAR707,CRK,21:30,21:30,22:25,이륙
497,AAR969,HKG,21:30,21:30,21:53,이륙
498,JNA023,CRK,21:35,21:35,22:06,이륙
499,ASV521,HAN,21:40,21:40,22:47,지연
500,ASV531,KLO,21:40,21:40,22:10,이륙
501,CAL163,TPE,21:45,21:45,22:39,이륙
502,CDG4708,YNT,21:45,21:45,22:04,이륙
503,KAL611,HKG,21:45,21:45,22:18,이륙
504,AHK129,HKG,21:50,21:50,22:23,이륙
505,JJA4907,CXR,21:50,21:50,22:27,이륙
506,UPS195,ANC,21:50,21:50,21:54,이륙
507,HKE627,HKG,21:55,21:55,22:34,이륙
508,HAL460,HNL,22:00,22:00,22:15,이륙
509,PAC654,ORD,22:00,22:00,22:32,이륙
510,AAR933,HAN,22:05,22:05,22:30,이륙
511,CEB129,CEB,22:05,22:05,22:36,이륙
512,CSN676,DLC,22:05,22:05,22:19,이륙
513,FDX5231,ANC,22:05,22:05,22:21,이륙
514,JNA121,MFM,22:05,22:05,22:49,이륙
515,KAL395,SGN,22:05,22:05,22:56,이륙
516,ANZ076,AKL,22:10,22:10,23:36,지연
517,JJA3106,GUM,22:10,22:10,22:41,이륙
518,JJA3404,SPN,22:10,22:10,22:38,이륙
519,PAC238,LAX,22:10,22:10,22:43,이륙
520,CPA035,HKG,22:15,,,결항
521,JJA2003,MFM,22:20,22:20,23:01,이륙
522,JJA8601,SYX,22:20,22:20,22:53,이륙
523,JJA4603,CRK,22:25,22:25,22:59,이륙
524,PAC214,CVG,22:25,22:25,22:55,이륙
525,KAL313,HKG,22:30,22:30,22:45,이륙
526,SHU5435,VVO,22:30,22:30,23:01,이륙
527,TWB163,HAN,22:30,22:30,23:05,이륙
528,APG9047,CEB,22:35,22:35,22:51,이륙
529,FDX5924,ANC,22:35,22:35,23:04,이륙
530,APJ808,HND,22:40,22:40,23:08,이륙
531,JJA2407,CEB,22:40,22:40,23:18,이륙
532,SBI5794,OVB,22:40,22:40,23:02,이륙
533,VJC875,DAD,22:40,22:40,23:12,이륙
534,UPS99,ANC,22:45,22:45,22:58,이륙
535,AAR3713,SZX,22:50,22:50,23:11,이륙
536,APG889,MNL,22:50,22:50,23:07,이륙
537,JNA067,BKI,22:50,22:50,23:09,이륙
538,PAL493,CRK,22:50,22:50,23:03,이륙
539,AAR609,ROR,22:55,22:55,23:23,이륙
540,TWB107,MFM,22:55,22:55,23:15,이륙
541,AAR3535,HAK,23:05,23:05,23:34,이륙
542,KAL859,PEK,23:05,23:05,23:25,이륙
543,KAL9287,ORD,23:05,23:05,23:26,이륙
544,TWB127,DAD,23:05,23:05,23:51,이륙
545,CES5086,YNJ,23:10,23:10,23:28,이륙
546,KAL315,PVG,23:10,23:10,23:21,이륙
547,KAL647,SIN,23:10,23:10,23:40,이륙
548,CSN316,PEK,23:15,23:15,23:22,이륙
549,ESR871,PVG,23:15,23:15,23:42,이륙
550,SIA603,SIN,23:15,23:15,23:47,이륙
551,KAL213,LAX,23:20,23:20,23:38,이륙
552,QDA9902,TAO,23:20,23:20,23:32,이륙
553,TWB157,CXR,23:20,23:20,23:44,이륙
554,APG5039,CRK,23:25,23:25,23:30,이륙
555,AAR2821,LAX,23:30,23:30,23:57,이륙
556,ABL319,SZX,23:30,23:30,23:55,이륙
557,KAL319,CAN,23:35,23:35,23:49,이륙
558,APG7047,CEB,23:50,23:50,23:53,이륙
559,CDG4722,TAO,23:50,23:50,23:59,이륙
